sign,peptide,tcra,tcrb,peptide
1,NLVPMVATV,CAVFYGNKLVF,CASSYATGIPDTQYF,NLVPMVATV
0,LPRRSGAAGA,CAMREGTGRRALTF,CASSYFGGSLSEQYF,LPRRSGAAGA
0,GILGFVFTL,CAYRSPPSSEKLVF,CASSFLGTGLNEQYF,GILGFVFTL
0,FRCPRRFCF,CAMREGTGRRALTF,CASSYFGGSLSEQYF,FRCPRRFCF
1,NLNCCSVPV,CALQTGANNLFF,CASSLWAGETQYF,NLNCCSVPV
0,SSLENFRAYV,CAVSDDKIIF,CASSDKFAGNPQPQHF,SSLENFRAYV
1,LLWNGPMAV,CAVNSDGQKLLF,CASSGQGGYEQYF,LLWNGPMAV
1,LSLRNPILV,CAASDGTGNYKYVF,CASSPGTTYEQYF,LSLRNPILV
0,HSKKKCDEL,CALRDRRSNYQLIW,CSARAGLRESTDTQYF,HSKKKCDEL
0,CRVLCCYVL,CAGPFGRLMF,CASSLFPGFGEQYF,CRVLCCYVL
0,NLVPMVATV,CAVDEGKLIF,CASSAPRETQYF,NLVPMVATV
0,LPRRSGAAGA,CAADNVGDNSKLIW,CASSLLQLQDTQYF,LPRRSGAAGA
1,NLVPMVATV,CALSDVGMNRDDKIIF,CASSQGLGREGASEQFF,NLVPMVATV
1,GLCTLVAML,CAMREQEDSNYQLIW,CASSEESYLMNTEAFF,GLCTLVAML
0,CRVLCCYVL,CVVNMLAGNTDKLIF,CSASIFRDLTHNEQF,CRVLCCYVL
0,LPRRSGAAGA,CAGGGSQGNLIF,CASSDSRTPFQRPLFEAFF,LPRRSGAAGA
0,SSLENFRAYV,CATEAQVVGQLTF,CASSFSANSDYTF,SSLENFRAYV
0,IIKDYGKQM,CALSDTGNYKYVF,CASIQYNQAPLF,IIKDYGKQM
0,YSEHPTFTSQY,CAAPRETSYDKVIF,CASSSANYGYTF,YSEHPTFTSQY
0,LPRRSGAAGA,CALRGDSGGSNAKLTF,CASSPRTGGYNYAEQFF,LPRRSGAAGA
0,LPRRSGAAGA,CAESTGYQKVT,CASTGGQYGYTF,LPRRSGAAGA
0,GILGFVFTL,CATAGTQVVGQLTF,CASSLTGGGDYAEQFF,GILGFVFTL
0,FPRPWLHGL,CAVGGTTDSWGKLQF,CASRGSLNQPQHF,FPRPWLHGL
1,ASNENMETM,CALGRPPSTNAYKVIF,CASSLADWGGRSSYEQYF,ASNENMETM
0,TPRVTGGGAM,CAVSHNYAQGLTF,CASSLESAETLYF,TPRVTGGGAM
0,RFYKTLRAEQASQ,CAPHSGYSTLTF,CASSLGPNSPLHF,RFYKTLRAEQASQ
0,SSPPMFRV,CAGPLGGGSQGNLIF,CASSYYSNQPQHF,SSPPMFRV
1,LLWNGPMAV,CAVDSGNTPLVF,CASSPRQGNDEQYF,LLWNGPMAV
0,ELAGIGILTV,CAGPTGGSYIPTF,CASSVALATGEQYF,ELAGIGILTV
0,GILGFVFTL,CAMRGNSGTYQRF,CASSGGANTGQLYF,GILGFVFTL
0,SSLENFRAYV,CALGSGGNNKLTF,CASSFGQAPLF,SSLENFRAYV
0,GILGFVFTL,CAVSGNYAQGLTF,CASSTGSAETLYF,GILGFVFTL
0,FLTVFSHFM,CAVSGNAGAKLTF,CASSWDSAETLYF,FLTVFSHFM
0,RPRGEVRFL,CALALYGSSGNKLIF,CTCSAGTGGFNYAEQFF,RPRGEVRFL
0,LSLRNPILV,CAMGNMGYKLTF,CASSPGPTNERLFF,LSLRNPILV
1,GILGFVFTL,CAGGGSQGNLIF,CASSIRSSYEQYF,GILGFVFTL
0,GILGFVFTL,CALIASSGSWQLIF,CASSGGQAPLF,GILGFVFTL
0,SFHSLHLLF,CAGGGSQGNLIF,CASSIRSSYEQYF,SFHSLHLLF
0,GILGFVFTL,CIVTEAHRGSALGRLHF,CASSDAREDTQYF,GILGFVFTL
0,VEALYLVCG,CALVPSNTNKVVF,CASSFWGALVQNTLYF,VEALYLVCG
0,TVYGFCLL,CAVSAYGSSGNKLIF,CASSFPGQGANTEVFF,TVYGFCLL
0,SSLENFRAYV,CALSGTNTNKVVF,CASSSPGEQYF,SSLENFRAYV
1,GILGFVFTL,CAMRGDAGGTSYGKLTF,CASSIDSNQPQHF,GILGFVFTL
0,LPRRSGAAGA,CAGASGSGNTGKLIF,CASSIRSAYEQYF,LPRRSGAAGA
0,NLVPMVATV,CAVIYGNQFYF,CASSLWVGGSSGANVLTF,NLVPMVATV
0,GLCTLVAML,CAVIPTGGYKVVF,CASTTFSNERLFF,GLCTLVAML
0,LPRRSGAAGA,CAAGGGGSNAKLTF,CASSDWGGKDTQYF,LPRRSGAAGA
0,TVYGFCLL,CAVERESDSWGKLQF,CASSIFASGNTQYF,TVYGFCLL
0,TPGPGVRYPL,CAVLNSGNTPLVF,CASSPGRTQYF,TPGPGVRYPL
0,GILGFVFTL,CAESMGNDMRF,CASSYGHPGEQYF,GILGFVFTL
1,KMVAVFYTT,CAVREYSGGGADGLTF,CASSPITNTGELFF,KMVAVFYTT
0,GILGFVFTL,CAMREQEDSNYQLIW,CASSEESYLMNTEAFF,GILGFVFTL
0,SSLENFRAYV,CAVSANYAQGLTF,CASSDRAAETLYF,SSLENFRAYV
0,QYDPVAALF,CALVETGGYKVVF,CASSPGTGGYNYAEQFF,QYDPVAALF
1,SSYRRPVGI,CAVSMGGTGSKLSF,CASSAGRGNTLYF,SSYRRPVGI
0,LPRRSGAAGA,CAMEQERSNYQLIW,CASSWTGRGEQYF,LPRRSGAAGA
0,IKAVYNFATCG,CAVSANYAQGLTF,CASSSDSAETLYF,IKAVYNFATCG
0,GILGFVFTL,CAVMADGQKLLF,CASSQTIGTGFSNEQFF,GILGFVFTL
1,GILGFVFTL,CAGGGSQGNLIF,CASRTRSAYEQYF,GILGFVFTL
0,ASNENMETM,CALYSNNRIFF,CASSFTANSDYTF,ASNENMETM
0,LPRRSGAAGA,CAGNTGNQFYF,CASRPQGLGNTIYF,LPRRSGAAGA
0,KLMNIQQQL,CALSDRPSSGQKLVF,CASSQEGQANSDYTF,KLMNIQQQL
1,GLCTLVAML,CAEYSSASKIIF,CASSQSPGGTQYF,GLCTLVAML
0,LPRRSGAAGA,CATDGSNYNVLYF,CASSRGDYAEQFF,LPRRSGAAGA
0,YVLDHLIVV,CAMNYGGSQGNLIF,CASSTRSTDTQYF,YVLDHLIVV
1,NLFNRYPAL,CAEETGGGNKLTF,CASSLMGAEAFF,NLFNRYPAL
0,SSYRRPVGI,CAFPMDSNYQLIW,CASSYNSMNTEAFF,SSYRRPVGI
0,GLCTLVAML,CALRDNNRIFF,CASGDVDSANSDYTF,GLCTLVAML
0,NLVPMVATV,CAVRGGNDMRF,CASSLFARGGPTDTQYF,NLVPMVATV
0,SSLENFRAYV,CAGALGSSNTGKLIF,CASSIRSAYEQYF,SSLENFRAYV
0,LLWNGPMAV,CALGEGSNYQLIW,CASSLGTEVFF,LLWNGPMAV
0,VEALYLVCG,CATSDTNTGKLTF,CASSMDWGFGQDTQYF,VEALYLVCG
0,GLCTLVAML,CAMRGNSGTYQRF,CASSGGANTGQLYF,GLCTLVAML
0,LPRRSGAAGA,CAASSNMGYKLTF,CASSSPRDRGTSAETLYF,LPRRSGAAGA
0,ASNENMETM,CILDNNNDMRF,CASSLAPGATNEKLFF,ASNENMETM
0,LLWNGPMAV,CAMREQEDSNYQLIW,CASSEESYLMNTEAFF,LLWNGPMAV
0,SSLENFRAYV,CAVRVGGDMRF,CASTVRQGSNQPQHF,SSLENFRAYV
0,GILGFVFTL,CARNTGNQF,CASSYVTGTGSYGYTGF,GILGFVFTL
0,TPRVTGGGAM,CAMREGGNDMRF,CASSPRIGGPREGYTF,TPRVTGGGAM
0,CTELKLSDY,CALSEYGSSGNKLIF,CTCSAGTGGYNYAEQFF,CTELKLSDY
0,LPPIVAKEI,CAETGQGGGADGLTF,CASSYASGGYEQYF,LPPIVAKEI
0,LPRRSGAAGA,CAVPPEGGYNKLIF,CSARDSTGNGYTF,LPRRSGAAGA
1,SSLENFRAYV,CALVPSNTNKVVF,CASSLSGFEQYF,SSLENFRAYV
0,CRVLCCYVL,CATPSNTNTGKLTF,CASSLLGDYAEQFF,CRVLCCYVL
0,TPQDLNTML,CAACAEYGNKLVF,CASSVGGVTYNEQFF,TPQDLNTML
0,LLWNGPMAV,CAVSDNYAQGLTF,CTCSGRDSAETLYF,LLWNGPMAV
0,LPRRSGAAGA,CIEYNFNKFY,CASRPVAGLPHF,LPRRSGAAGA
0,NLVPMVATV,CAVQSSYSSASKIIF,CASSQEVGSSYNSPLHF,NLVPMVATV
0,KRWIILGLNK,CAVSSNYAQGLTF,CAWTHLSNERLFF,KRWIILGLNK
0,PQPQLPYPQPQ,CALSHTGNYKYVF,CASSQGGRQYF,PQPQLPYPQPQ
0,GILGFVFTL,CIRSGSARQLTF,CAAFQGAQKLVF,GILGFVFTL
0,SSPPMFRV,CAEDNNARLMF,CSARDQTGNGYTF,SSPPMFRV
0,LLFGMPPCL,CALSEADSWGKLQF,CASRMQGRDNEQF,LLFGMPPCL
0,HPKVSSEVHI,CAAGPSSSFSKLVF,CGARDLGSAETLYF,HPKVSSEVHI
0,GLCTLVAML,CAASRGSNNRIFF,CASAEGGEQYF,GLCTLVAML
0,AARAVFLAL,CAADDSGYNKLTF,CASSAGSWDTQYF,AARAVFLAL
0,RPHERNGFTVL,CVVNSGAGSYQLTF,CASSYDRSYEQYF,RPHERNGFTVL
0,FRCPRRFCF,CAASSNTNKVVF,CASSLPDSAETLYF,FRCPRRFCF
0,WEDLFCDESLSSPEPPSSSE,CALTPNYNQGKLIF,CASSAGTSEVFF,WEDLFCDESLSSPEPPSSSE
0,LPRRSGAAGA,CILDNNNDMRF,CASSLAPGATNEKLFF,LPRRSGAAGA
